epoch,train/loss,val/loss,lr
1,3.0035987496376038,2.201806179855181,0.001
2,2.0508925733358963,2.155355393886566,0.0009996149036022412
3,1.9062971291334734,1.9712471573249153,0.0009984602081996976
4,1.8686772688575413,2.0111571576284324,0.0009965376942489858
5,1.825215500334035,1.868098847244097,0.0009938503261272714
6,1.7854331446730571,2.017660674841508,0.0009904022475614137
7,1.7425095335296963,1.7535199341566667,0.0009861987752386395
8,1.7318078771881436,1.7390296096387117,0.000981246390608597
9,1.6901368421056997,2.1313777540041055,0.0009755527298894296
10,1.6828276385431704,1.7683423887128416,0.0009691265722932812
11,1.6257288404133008,1.6590279910875403,0.0009619778264893879
12,1.65472760407821,1.7398069241772527,0.0009541175153256283
13,1.606855755266936,1.625447084074435,0.0009455577588320899
14,1.593476767125337,1.7001695062803186,0.0009363117555328624
15,1.5777788239976633,1.6247879292653955,0.0009263937620948693
16,1.5548830187839011,1.565756390924039,0.0009158190713451217
17,1.5106179636457693,1.6061939026998437,0.0009046039886902866
18,1.4964696220729663,1.540358507114908,0.0008927658069749323
19,1.488508146742116,1.5478998992754065,0.0008803227798172158
20,1.5035858361617378,1.6868258585100588,0.0008672940934631253
21,1.4580320612243984,1.4655130712882332,0.0008536998372026807
22,1.4642079006070676,1.4737359233524487,0.0008395609723937048
23,1.4698769761168438,1.650845188161601,0.0008248993001409271
24,1.4173980588498323,1.427642980347509,0.0008097374276802623
25,1.398876736993375,1.4275479809097622,0.0007940987335200906
26,1.386577792789625,1.4456108186555945,0.0007780073313932917
27,1.3704418021699656,1.3386194628217947,0.0007614880330756167
28,1.3121540520502173,1.3919772764910823,0.0007445663101277294
29,1.323224663734436,1.3619830686113108,0.0007272682546199039
30,1.3081734050875125,1.3575549384822017,0.0007096205388999457
31,1.2754229838433473,1.3160048515900322,0.0006916503744663627
32,1.3082707757535188,1.3210148267124011,0.000673385470010208
33,1.2519251082254492,1.2820709010829097,0.0006548539886902866
34,1.2101439237594604,1.2533373456934225,0.0006360845047076049
35,1.216580797796664,1.2717434167861938,0.0006171059592460251
36,1.1995002134986545,1.2842425548512002,0.0005979476158470564
37,1.2189620811006296,1.3478722183600715,0.0005786390152875957
38,1.1863781317420627,1.211030275925346,0.0005592099300301903
39,1.1545779316321663,1.1892812925836314,0.000539690318316059
40,1.145302644242411,1.1718535591726718,0.0005201102779716552
41,1.143247302459634,1.2922825398652449,0.0005005000000000004
42,1.1388654346051423,1.2503077828365823,0.00048088972202834577
43,1.0941364609676858,1.1444500477417656,0.0004613096816839419
44,1.0903623142968053,1.1486074963341588,0.00044179006996981055
45,1.0633090734481812,1.1564456004163493,0.0004223609847124052
46,1.0586621359638546,1.0985645340836567,0.00040305238415294436
47,1.0563248953093654,1.0826149932716205,0.0003838940407539757
48,1.0403259966684424,1.067914957585542,0.0003649154952923957
49,0.9902256014554397,1.0924386822659036,0.00034614601130971415
50,0.9860233159168906,1.0505528864653215,0.0003276145299897927
51,0.9840807046579279,1.0167963984219923,0.000309349625533638
52,0.9556949825390525,1.0494602218918179,0.00029137946110005514
53,0.9446464919525644,0.988689670096273,0.0002737317453800967
54,0.9611826020738353,1.0116212368011475,0.00025643368987227126
55,0.923307865858078,0.978712541901547,0.00023951196692438385
56,0.8737657277480416,0.9649176701255466,0.0002229926686067089
57,0.9069486688012662,0.9736147652501645,0.00020690126647990995
58,0.901974028867224,0.977606282286022,0.00019126257231973827
59,0.9089307227860326,0.9649367176968119,0.00017610069985907352
60,0.8881147750045942,0.9690542415432308,0.00016143902760629587
61,0.8973483728325885,0.9579343821691431,0.0001473001627973197
62,0.8496324458847875,0.9408959603827932,0.00013370590653687516
63,0.8589787172234576,0.9470533780429674,0.00012067722018278468
64,0.8223890662193298,0.9452564172122789,0.00010823419302506797
65,0.820048847924108,0.9269240006156589,9.639601130971391e-05
66,0.8466353209122367,0.9204018686128699,8.518092865487886e-05
67,0.8534012022225753,0.907680472602015,7.460623790513103e-05
68,0.833986724200456,0.9159205815066462,6.468824446713798e-05
69,0.8288487247798754,0.9026436792767566,5.544224116791034e-05
70,0.8168842714765797,0.9020547905693883,4.68824846743719e-05
71,0.8050867176574209,0.8935944230660148,3.9022173510612304e-05
72,0.8172321993371715,0.8944426386252694,3.187342770671919e-05
73,0.8022888471250949,0.8938739843990492,2.544727011057083e-05
74,0.8193232624427133,0.8910709451074186,1.9753609391403257e-05
75,0.788156579370084,0.8883209332175876,1.4801224761360573e-05
76,0.8069882613161335,0.8936540056829867,1.0597752438586409e-05
77,0.823411086331243,0.8906232364799666,7.149673872728744e-06
78,0.7992770140585692,0.8929729034071383,4.46230575101432e-06
79,0.7886820124543231,0.8922281939050426,2.5397918003025836e-06
80,0.7963495254516602,0.8924306501512942,1.3850963977589113e-06
